Date,Open,High,Low,Close,Adj Close,Volume
2019/10/16,1241.170044,1254.73999,1238.449951,1243.640015,1243.640015,1094600
2019/10/17,1250.930054,1263.324951,1249.939941,1253.069946,1253.069946,952400
2019/10/18,1253.459961,1258.890015,1241.079956,1245.48999,1245.48999,1352800
2019/10/21,1252.26001,1254.629028,1240.599976,1246.150024,1246.150024,1027200
2019/10/22,1247.849976,1250.599976,1241.380005,1242.800049,1242.800049,1023800
2019/10/23,1242.359985,1259.890015,1242.359985,1259.130005,1259.130005,911500
2019/10/24,1260.900024,1264,1253.714966,1260.98999,1260.98999,1028100
2019/10/25,1251.030029,1269.599976,1250.01001,1265.130005,1265.130005,1213100
2019/10/28,1275.449951,1299.310059,1272.540039,1290,1290,2613200
2019/10/29,1276.22998,1281.589966,1257.212036,1262.619995,1262.619995,1886400
2019/10/30,1252.969971,1269.359985,1252,1261.290039,1261.290039,1408900
2019/10/31,1261.280029,1267.670044,1250.843018,1260.109985,1260.109985,1455700
2019/11/1,1265,1274.619995,1260.5,1273.73999,1273.73999,1670100
2019/11/4,1276.449951,1294.130005,1276.35498,1291.369995,1291.369995,1501000
2019/11/5,1292.890015,1298.930054,1291.229004,1292.030029,1292.030029,1282700
2019/11/6,1289.459961,1293.72998,1282.5,1291.800049,1291.800049,1153000
2019/11/7,1294.280029,1323.73999,1294.244995,1308.859985,1308.859985,2030000
2019/11/8,1305.280029,1318,1304.36499,1311.369995,1311.369995,1251400
2019/11/11,1303.180054,1306.425049,1297.410034,1299.189941,1299.189941,1011900
2019/11/12,1300,1310,1295.77002,1298.800049,1298.800049,1085900
2019/11/13,1294.069946,1304.300049,1293.51001,1298,1298,826700
2019/11/14,1297.5,1317,1295.650024,1311.459961,1311.459961,1193500
2019/11/15,1318.939941,1334.880005,1314.280029,1334.869995,1334.869995,1782600
2019/11/18,1332.219971,1335.529053,1317.5,1320.699951,1320.699951,1487400
2019/11/19,1327.699951,1327.699951,1312.800049,1315.459961,1315.459961,1269200
2019/11/20,1311.73999,1315,1291.150024,1303.050049,1303.050049,1308600
2019/11/21,1301.47998,1312.589966,1293,1301.349976,1301.349976,995500
2019/11/22,1305.619995,1308.72998,1291.410034,1295.339966,1295.339966,1385700
2019/11/25,1299.180054,1311.310059,1298.130005,1306.689941,1306.689941,1036200
2019/11/26,1309.859985,1314.800049,1305.089966,1313.550049,1313.550049,1069700
2019/11/27,1315,1318.359985,1309.630005,1312.98999,1312.98999,995600
2019/11/29,1307.119995,1310.204956,1303.969971,1304.959961,1304.959961,587000
2019/12/2,1301,1305.829956,1281,1289.920044,1289.920044,1510900
2019/12/3,1279.569946,1298.46106,1279,1295.280029,1295.280029,1143800
2019/12/4,1307.01001,1325.800049,1304.869995,1320.540039,1320.540039,1537500
2019/12/5,1328,1329.358032,1316.439941,1328.130005,1328.130005,1212700
2019/12/6,1333.439941,1344,1333.439941,1340.619995,1340.619995,1314800
2019/12/9,1338.040039,1359.449951,1337.839966,1343.560059,1343.560059,1354300
2019/12/10,1341.5,1349.974976,1336.040039,1344.660034,1344.660034,1094100
2019/12/11,1350.839966,1351.199951,1342.670044,1345.02002,1345.02002,850400
2019/12/12,1345.939941,1355.775024,1340.5,1350.27002,1350.27002,1281000
2019/12/13,1347.949951,1353.093018,1343.869995,1347.829956,1347.829956,1549600
2019/12/16,1356.5,1364.680054,1352.670044,1361.170044,1361.170044,1397300
2019/12/17,1362.890015,1365,1351.322998,1355.119995,1355.119995,1854000
2019/12/18,1356.599976,1360.469971,1351,1352.619995,1352.619995,1522600
2019/12/19,1351.819946,1358.099976,1348.984985,1356.040039,1356.040039,1469900
2019/12/20,1363.349976,1363.640015,1349,1349.589966,1349.589966,3315000
2019/12/23,1355.869995,1359.800049,1346.51001,1348.839966,1348.839966,883100
2019/12/24,1348.5,1350.26001,1342.780029,1343.560059,1343.560059,347500
2019/12/26,1346.170044,1361.327026,1344.469971,1360.400024,1360.400024,667500
2019/12/27,1362.98999,1364.530029,1349.310059,1351.890015,1351.890015,1038400
2019/12/30,1350,1353,1334.02002,1336.140015,1336.140015,1050900
2019/12/31,1330.109985,1338,1329.084961,1337.02002,1337.02002,961800
2020/1/2,1341.550049,1368.140015,1341.550049,1367.369995,1367.369995,1406600
2020/1/3,1347.859985,1372.5,1345.543945,1360.660034,1360.660034,1186400
2020/1/6,1350,1396.5,1350,1394.209961,1394.209961,1732300
2020/1/7,1397.939941,1402.98999,1390.380005,1393.339966,1393.339966,1502700
2020/1/8,1392.079956,1411.579956,1390.839966,1404.319946,1404.319946,1528000
2020/1/9,1420.569946,1427.329956,1410.27002,1419.829956,1419.829956,1500900
2020/1/10,1427.560059,1434.928955,1418.349976,1429.72998,1429.72998,1820700
2020/1/13,1436.130005,1440.52002,1426.02002,1439.22998,1439.22998,1652300
2020/1/14,1439.01001,1441.800049,1428.369995,1430.880005,1430.880005,1558900
2020/1/15,1430.209961,1441.39502,1430.209961,1439.199951,1439.199951,1282700
2020/1/16,1447.439941,1451.98999,1440.920044,1451.699951,1451.699951,1173700
2020/1/17,1462.910034,1481.295044,1458.219971,1480.390015,1480.390015,2396200
2020/1/21,1479.119995,1491.849976,1471.199951,1484.400024,1484.400024,2036700
2020/1/22,1491,1503.213989,1484.930054,1485.949951,1485.949951,1610800
2020/1/23,1487.640015,1495.52002,1482.099976,1486.650024,1486.650024,1351200
2020/1/24,1493.589966,1495.494995,1465.25,1466.709961,1466.709961,1784600
2020/1/27,1431,1438.069946,1421.199951,1433.900024,1433.900024,1755200
2020/1/28,1443,1456,1432.469971,1452.560059,1452.560059,1577400
2020/1/29,1458.800049,1465.430054,1446.73999,1458.630005,1458.630005,1077700
2020/1/30,1439.959961,1457.280029,1436.400024,1455.839966,1455.839966,1339400
2020/1/31,1468.900024,1470.130005,1428.530029,1434.22998,1434.22998,2417200
2020/2/3,1462,1490,1458.98999,1485.939941,1485.939941,3036800
2020/2/4,1457.069946,1469.5,1426.300049,1447.069946,1447.069946,3933000
2020/2/5,1462.420044,1463.839966,1430.560059,1448.22998,1448.22998,1986200
2020/2/6,1450.329956,1482,1449.569946,1476.22998,1476.22998,1679400
2020/2/7,1467.300049,1485.839966,1466.349976,1479.22998,1479.22998,1172300
2020/2/10,1474.319946,1509.5,1474.319946,1508.680054,1508.680054,1419900
2020/2/11,1511.810059,1529.630005,1505.637939,1508.790039,1508.790039,1344600
2020/2/12,1514.47998,1520.694946,1508.109985,1518.27002,1518.27002,1167600
2020/2/13,1512.689941,1527.180054,1504.599976,1514.660034,1514.660034,929500
2020/2/14,1515.599976,1520.73999,1507.339966,1520.73999,1520.73999,1197800
2020/2/18,1515,1531.630005,1512.589966,1519.670044,1519.670044,1120700
2020/2/19,1525.069946,1532.105957,1521.400024,1526.689941,1526.689941,949300
2020/2/20,1522,1529.640015,1506.819946,1518.150024,1518.150024,1096600
2020/2/21,1508.030029,1512.214966,1480.439941,1485.109985,1485.109985,1731700
2020/2/24,1426.109985,1436.969971,1411.390015,1421.589966,1421.589966,2867100
2020/2/25,1433,1438.140015,1382.400024,1388.449951,1388.449951,2478300
2020/2/26,1396.140015,1415.699951,1379,1393.180054,1393.180054,2202400
2020/2/27,1362.060059,1371.703979,1317.170044,1318.089966,1318.089966,2978300
2020/2/28,1277.5,1341.140015,1271,1339.329956,1339.329956,3789100
2020/3/2,1351.609985,1390.869995,1326.814941,1389.109985,1389.109985,2431500
2020/3/3,1399.420044,1410.150024,1332,1341.390015,1341.390015,2402300
2020/3/4,1359.22998,1388.089966,1343.109985,1386.52002,1386.52002,1913300
2020/3/5,1350.199951,1358.910034,1305.099976,1319.040039,1319.040039,2561300
2020/3/6,1277.060059,1306.219971,1261.050049,1298.410034,1298.410034,2660600
2020/3/9,1205.300049,1254.76001,1200,1215.560059,1215.560059,3365400
2020/3/10,1260,1281.150024,1218.77002,1280.390015,1280.390015,2611400
2020/3/11,1249.699951,1260.959961,1196.069946,1215.410034,1215.410034,2608500
2020/3/12,1126,1193.869995,1113.300049,1114.910034,1114.910034,4226700
2020/3/13,1179,1219.76001,1117.142944,1219.72998,1219.72998,3700100
2020/3/16,1096,1152.266968,1074.439941,1084.329956,1084.329956,4252400
2020/3/17,1093.109985,1130.859985,1056.01001,1119.800049,1119.800049,3861500
2020/3/18,1056.51001,1106.5,1037.280029,1096.800049,1096.800049,4233400
2020/3/19,1093.050049,1157.969971,1060.108032,1115.290039,1115.290039,3651100
2020/3/20,1135.719971,1143.98999,1065.48999,1072.319946,1072.319946,3601800
2020/3/23,1061.319946,1071.319946,1013.536011,1056.619995,1056.619995,4044100
2020/3/24,1103.77002,1135,1090.619995,1134.459961,1134.459961,3344500
2020/3/25,1126.469971,1148.900024,1086.01001,1102.48999,1102.48999,4081500
2020/3/26,1111.800049,1169.969971,1093.530029,1161.75,1161.75,3571700
2020/3/27,1125.670044,1150.670044,1105.910034,1110.709961,1110.709961,3208500
2020/3/30,1125.040039,1151.630005,1096.47998,1146.819946,1146.819946,2574100
2020/3/31,1147.300049,1175.310059,1138.140015,1162.810059,1162.810059,2486400
2020/4/1,1122,1129.689941,1097.449951,1105.619995,1105.619995,2344200
2020/4/2,1098.26001,1126.859985,1096.400024,1120.839966,1120.839966,1964900
2020/4/3,1119.015015,1123.540039,1079.810059,1097.880005,1097.880005,2313400
2020/4/6,1138,1194.660034,1130.939941,1186.920044,1186.920044,2664700
2020/4/7,1221,1225,1182.22998,1186.51001,1186.51001,2387300
2020/4/8,1206.5,1219.069946,1188.160034,1210.280029,1210.280029,1975100
2020/4/9,1224.079956,1225.569946,1196.734985,1211.449951,1211.449951,2175400
2020/4/13,1209.180054,1220.51001,1187.598022,1217.560059,1217.560059,1739800
2020/4/14,1245.089966,1282.069946,1236.930054,1269.22998,1269.22998,2470400
2020/4/15,1245.609985,1280.459961,1240.400024,1262.469971,1262.469971,1671700
2020/4/16,1274.099976,1279,1242.619995,1263.469971,1263.469971,2518100
2020/4/17,1284.849976,1294.430054,1271.22998,1283.25,1283.25,1949000
2020/4/20,1271,1281.599976,1261.369995,1266.609985,1266.609985,1695500
2020/4/21,1247,1254.27002,1209.709961,1216.339966,1216.339966,2153000
2020/4/22,1245.540039,1285.613037,1242,1263.209961,1263.209961,2092400
2020/4/23,1271.550049,1293.310059,1265.670044,1276.310059,1276.310059,1566200
2020/4/24,1261.170044,1280.400024,1249.449951,1279.310059,1279.310059,1639600
2020/4/27,1296,1296.150024,1269,1275.880005,1275.880005,1600600
2020/4/28,1287.930054,1288.050049,1232.199951,1233.670044,1233.670044,2951300
2020/4/29,1341.459961,1359.98999,1325.339966,1341.47998,1341.47998,3793600
2020/4/30,1324.880005,1352.819946,1322.48999,1348.660034,1348.660034,2668900
2020/5/1,1328.5,1352.069946,1311,1320.609985,1320.609985,2072500
2020/5/4,1308.22998,1327.660034,1299,1326.800049,1326.800049,1504000
2020/5/5,1337.920044,1373.939941,1337.459961,1351.109985,1351.109985,1651500
2020/5/6,1361.689941,1371.119995,1347.290039,1347.300049,1347.300049,1215400
2020/5/7,1365.939941,1377.599976,1355.27002,1372.560059,1372.560059,1397600
2020/5/8,1383.130005,1398.76001,1375.47998,1388.369995,1388.369995,1386900
2020/5/11,1378.280029,1416.530029,1377.151978,1403.26001,1403.26001,1412100
2020/5/12,1407.119995,1415,1374.77002,1375.73999,1375.73999,1390600
2020/5/13,1377.050049,1385.482056,1328.400024,1349.329956,1349.329956,1812600
2020/5/14,1335.02002,1357.420044,1323.910034,1356.130005,1356.130005,1603100
2020/5/15,1350,1374.47998,1339,1373.189941,1373.189941,1707700
2020/5/18,1361.75,1392.324951,1354.25,1383.939941,1383.939941,1822400
2020/5/19,1386.996948,1392,1373.484985,1373.484985,1373.484985,1280600
2020/5/20,1389.579956,1410.420044,1387.25,1406.719971,1406.719971,1655400
2020/5/21,1408,1415.48999,1393.449951,1402.800049,1402.800049,1385000
2020/5/22,1396.709961,1412.76001,1391.829956,1410.420044,1410.420044,1309400
2020/5/26,1437.27002,1441,1412.130005,1417.02002,1417.02002,2060600
2020/5/27,1417.25,1421.73999,1391.290039,1417.839966,1417.839966,1685800
2020/5/28,1396.859985,1440.839966,1396,1416.72998,1416.72998,1692200
2020/5/29,1416.939941,1432.569946,1413.349976,1428.920044,1428.920044,1820900
2020/6/1,1418.390015,1437.959961,1418,1431.819946,1431.819946,1217100
2020/6/2,1430.550049,1439.609985,1418.829956,1439.219971,1439.219971,1278100
2020/6/3,1438.300049,1446.552002,1429.776978,1436.380005,1436.380005,1256200
2020/6/4,1430.400024,1438.959961,1404.72998,1412.180054,1412.180054,1484300
2020/6/5,1413.170044,1445.050049,1406,1438.390015,1438.390015,1734900
2020/6/8,1422.339966,1447.98999,1422.339966,1446.609985,1446.609985,1404200
2020/6/9,1445.359985,1468,1443.209961,1456.160034,1456.160034,1409200
2020/6/10,1459.540039,1474.259033,1456.27002,1465.849976,1465.849976,1525200
2020/6/11,1442.47998,1454.474976,1402,1403.839966,1403.839966,1991300
2020/6/12,1428.48999,1437,1386.02002,1413.180054,1413.180054,1946400
2020/6/15,1390.800049,1424.800049,1387.920044,1419.849976,1419.849976,1503900
2020/6/16,1445.219971,1455.02002,1425.900024,1442.719971,1442.719971,1709200
2020/6/17,1447.160034,1460,1431.380005,1451.119995,1451.119995,1549600
2020/6/18,1449.160034,1451.410034,1427.01001,1435.959961,1435.959961,1581900
2020/6/19,1444,1447.800049,1421.349976,1431.719971,1431.719971,3157900
2020/6/22,1429,1452.75,1423.209961,1451.859985,1451.859985,1542400
2020/6/23,1455.640015,1475.94104,1445.23999,1464.410034,1464.410034,1429800
2020/6/24,1461.51001,1475.420044,1429.75,1431.969971,1431.969971,1756000
2020/6/25,1429.900024,1442.900024,1420,1441.329956,1441.329956,1230500
2020/6/26,1431.390015,1433.449951,1351.98999,1359.900024,1359.900024,4267700
2020/6/29,1358.180054,1395.599976,1347.01001,1394.969971,1394.969971,1810200
2020/6/30,1390.439941,1418.650024,1383.959961,1413.609985,1413.609985,2042400
2020/7/1,1411.099976,1443,1409.819946,1438.040039,1438.040039,1775200
2020/7/2,1446.939941,1482.949951,1446.420044,1464.699951,1464.699951,1859100
2020/7/6,1480.060059,1506.589966,1472.859985,1495.699951,1495.699951,1564000
2020/7/7,1490,1516.800049,1483.550049,1485.180054,1485.180054,1458200
2020/7/8,1494.319946,1505.880005,1485.630005,1496,1496,1249700
2020/7/9,1506.449951,1522.719971,1488.084961,1510.98999,1510.98999,1423300
2020/7/10,1506.150024,1543.829956,1496.540039,1541.73999,1541.73999,1856300
2020/7/13,1550,1577.131958,1505.243042,1511.339966,1511.339966,1846400
2020/7/14,1490.310059,1522.949951,1483.5,1520.579956,1520.579956,1585000
2020/7/15,1523.130005,1535.329956,1498,1513.640015,1513.640015,1610700
2020/7/16,1500,1518.689941,1486.310059,1518,1518,1519300
2020/7/17,1521.619995,1523.439941,1498.420044,1515.550049,1515.550049,1456700
2020/7/20,1515.26001,1570.290039,1503.599976,1565.719971,1565.719971,1557300
2020/7/21,1586.98999,1586.98999,1554.280029,1558.420044,1558.420044,1216200
2020/7/22,1560.5,1570,1546.099976,1568.48999,1568.48999,932000
2020/7/23,1566.969971,1571.869995,1507.391968,1515.680054,1515.680054,1627600
2020/7/24,1498.930054,1517.635986,1488.400024,1511.869995,1511.869995,1544000
2020/7/27,1515.599976,1540.969971,1515.209961,1530.199951,1530.199951,1246000
2020/7/28,1525.180054,1526.47998,1497.660034,1500.339966,1500.339966,1702200
2020/7/29,1506.319946,1531.251953,1501.329956,1522.02002,1522.02002,1106500
2020/7/30,1497,1537.869995,1492.219971,1531.449951,1531.449951,1671400
2020/7/31,1505.01001,1508.949951,1454.030029,1482.959961,1482.959961,3439900
2020/8/3,1486.640015,1490.469971,1465.640015,1474.449951,1474.449951,2330200
2020/8/4,1476.569946,1485.560059,1458.650024,1464.969971,1464.969971,1903500
2020/8/5,1469.300049,1482.410034,1463.459961,1473.609985,1473.609985,1979500
2020/8/6,1471.75,1502.390015,1466,1500.099976,1500.099976,1995400
2020/8/7,1500,1516.844971,1481.640015,1494.48999,1494.48999,1577800
2020/8/10,1487.180054,1504.074951,1473.079956,1496.099976,1496.099976,1289300
2020/8/11,1492.439941,1510,1478,1480.319946,1480.319946,1454400
2020/8/12,1485.579956,1512.385986,1485.25,1506.619995,1506.619995,1437000
2020/8/13,1510.339966,1537.25,1508.005005,1518.449951,1518.449951,1455200
2020/8/14,1515.660034,1521.900024,1502.880005,1507.72998,1507.72998,1354800
2020/8/17,1514.670044,1525.609985,1507.969971,1517.97998,1517.97998,1378300
2020/8/18,1526.180054,1562.469971,1523.709961,1558.599976,1558.599976,2027100
2020/8/19,1553.310059,1573.680054,1543.949951,1547.530029,1547.530029,1660600
2020/8/20,1543.449951,1585.869995,1538.199951,1581.75,1581.75,1706900
2020/8/21,1577.030029,1597.719971,1568.005005,1580.420044,1580.420044,1446500
2020/8/24,1593.97998,1614.170044,1580.569946,1588.199951,1588.199951,1409900
2020/8/25,1582.069946,1611.619995,1582.069946,1608.219971,1608.219971,2247100
2020/8/26,1608,1659.219971,1603.599976,1652.380005,1652.380005,3993400
2020/8/27,1653.680054,1655,1625.75,1634.329956,1634.329956,1861600
2020/8/28,1633.48999,1647.170044,1630.75,1644.410034,1644.410034,1499000
2020/8/31,1647.890015,1647.964966,1630.310059,1634.180054,1634.180054,1823400
2020/9/1,1636.630005,1665.72998,1632.219971,1660.709961,1660.709961,1825300
2020/9/2,1673.775024,1733.180054,1666.329956,1728.280029,1728.280029,2511200
2020/9/3,1709.713989,1709.713989,1615.060059,1641.839966,1641.839966,3107800
2020/9/4,1624.26001,1645.109985,1547.613037,1591.040039,1591.040039,2608600
2020/9/8,1533.51001,1563.86499,1528.01001,1532.390015,1532.390015,2610900
2020/9/9,1557.530029,1569,1536.051025,1556.959961,1556.959961,1774700
2020/9/10,1560.640015,1584.081055,1525.805054,1532.02002,1532.02002,1618600
2020/9/11,1536,1575.199951,1497.359985,1520.719971,1520.719971,1597100
2020/9/14,1539.005005,1564,1515.73999,1519.280029,1519.280029,1696600
2020/9/15,1536,1559.569946,1531.834961,1541.439941,1541.439941,1331100
2020/9/16,1555.540039,1562,1519.819946,1520.900024,1520.900024,1311700
2020/9/17,1496,1508.297974,1470,1495.530029,1495.530029,1879800
2020/9/18,1498.01001,1503.003052,1437.130005,1459.98999,1459.98999,3103900
2020/9/21,1440.060059,1448.359985,1406.550049,1431.160034,1431.160034,2888800
2020/9/22,1450.089966,1469.52002,1434.530029,1465.459961,1465.459961,1583200
2020/9/23,1458.780029,1460.959961,1407.699951,1415.209961,1415.209961,1657400
2020/9/24,1411.030029,1443.708984,1409.849976,1428.290039,1428.290039,1450200
2020/9/25,1432.630005,1450,1413.339966,1444.959961,1444.959961,1323000
2020/9/28,1474.209961,1476.800049,1449.301025,1464.52002,1464.52002,2007900
2020/9/29,1470.390015,1476.662964,1458.805054,1469.329956,1469.329956,978200
2020/9/30,1466.800049,1489.75,1459.880005,1469.599976,1469.599976,1701600
2020/10/1,1484.27002,1499.040039,1479.209961,1490.089966,1490.089966,1779500
2020/10/2,1462.030029,1483.199951,1450.920044,1458.420044,1458.420044,1284100
2020/10/5,1466.209961,1488.209961,1464.27002,1486.02002,1486.02002,1113300
2020/10/6,1475.579956,1486.76001,1448.589966,1453.439941,1453.439941,1245400
2020/10/7,1464.290039,1468.959961,1436,1460.290039,1460.290039,1746200
2020/10/8,1465.089966,1490,1465.089966,1485.930054,1485.930054,1187800
2020/10/9,1494.699951,1516.52002,1489.449951,1515.219971,1515.219971,1435300
2020/10/12,1543,1593.859985,1532.569946,1569.150024,1569.150024,2482600
2020/10/13,1583.72998,1590,1563.199951,1571.680054,1571.680054,1601000
2020/10/14,1578.589966,1587.68396,1550.530029,1568.079956,1568.079956,1929300
2020/10/15,1547.150024,1575.10498,1545.030029,1559.130005,1559.130005,1540000
2020/10/16,1565.849976,1581.130005,1563,1573.01001,1573.01001,1434700
2020/10/19,1580.459961,1588.150024,1528,1534.609985,1534.609985,1607100
2020/10/20,1527.050049,1577.5,1525.670044,1555.930054,1555.930054,2241700
2020/10/21,1573.329956,1618.72998,1571.630005,1593.310059,1593.310059,2568300
2020/10/22,1593.050049,1621.98999,1585,1615.329956,1615.329956,1433600
2020/10/23,1626.069946,1642.359985,1620.51001,1641,1641,1375800
2020/10/26,1625.01001,1638.23999,1576.5,1590.449951,1590.449951,1853300
2020/10/27,1595.670044,1606.844971,1582.780029,1604.26001,1604.26001,1229000
2020/10/28,1559.73999,1561.349976,1514.619995,1516.619995,1516.619995,1834000
2020/10/29,1522.359985,1593.709961,1522.23999,1567.23999,1567.23999,2003100
2020/10/30,1672.109985,1687,1604.459961,1621.01001,1621.01001,4329100
2020/11/2,1628.160034,1660.77002,1616.030029,1626.030029,1626.030029,2535400
2020/11/3,1631.780029,1661.699951,1616.619995,1650.209961,1650.209961,1661700
2020/11/4,1710.280029,1771.36499,1706.030029,1749.130005,1749.130005,3570900
2020/11/5,1781,1793.640015,1750.51001,1763.369995,1763.369995,2065800
2020/11/6,1753.949951,1772.430054,1740.349976,1761.75,1761.75,1660900
2020/11/9,1790.900024,1818.060059,1760.02002,1763,1763,2268300
2020/11/10,1731.089966,1763,1717.300049,1740.390015,1740.390015,2636100
2020/11/11,1750,1764.219971,1747.36499,1752.709961,1752.709961,1264000
2020/11/12,1747.630005,1768.27002,1745.599976,1749.839966,1749.839966,1247500
2020/11/13,1757.630005,1781.040039,1744.550049,1777.02002,1777.02002,1499900
2020/11/16,1771.699951,1799.069946,1767.689941,1781.380005,1781.380005,1246800
2020/11/17,1776.939941,1785,1767,1770.150024,1770.150024,1147100
2020/11/18,1765.22998,1773.469971,1746.140015,1746.780029,1746.780029,1173500
2020/11/19,1738.380005,1769.589966,1737.005005,1763.920044,1763.920044,1249900
2020/11/20,1765.209961,1774,1741.859985,1742.189941,1742.189941,2313500
2020/11/23,1749.599976,1753.900024,1717.719971,1734.859985,1734.859985,2161600
2020/11/24,1730.5,1771.599976,1727.689941,1768.880005,1768.880005,1578000
2020/11/25,1772.890015,1778.540039,1756.540039,1771.430054,1771.430054,1045800
2020/11/27,1773.089966,1804,1772.439941,1793.189941,1793.189941,884900
2020/11/30,1781.18396,1788.064941,1755,1760.73999,1760.73999,1823800
2020/12/1,1774.369995,1824.829956,1769.369995,1798.099976,1798.099976,1736900
2020/12/2,1798.099976,1835.650024,1789.473022,1827.949951,1827.949951,1222000
2020/12/3,1824.01001,1847.199951,1822.650024,1826.77002,1826.77002,1227300
2020/12/4,1824.52002,1833.160034,1816.98999,1827.98999,1827.98999,1378200
2020/12/7,1819,1832.369995,1805.780029,1819.47998,1819.47998,1320900
2020/12/8,1810.099976,1821.900024,1796.204956,1818.550049,1818.550049,1096300
2020/12/9,1812.01001,1834.27002,1767.810059,1784.130005,1784.130005,1507600
2020/12/10,1769.800049,1781.310059,1740.319946,1775.329956,1775.329956,1362800
2020/12/11,1763.060059,1784.449951,1760,1781.77002,1781.77002,1220700
2020/12/14,1775,1797.390015,1757.214966,1760.060059,1760.060059,1600200
2020/12/15,1764.420044,1771.420044,1749.949951,1767.77002,1767.77002,1482300
2020/12/16,1772.880005,1773,1756.079956,1763,1763,1513500
2020/12/17,1768.51001,1771.784058,1738.660034,1747.900024,1747.900024,1624700
2020/12/18,1754.180054,1755.109985,1720.219971,1731.01001,1731.01001,4016400
2020/12/21,1713.51001,1740.849976,1699,1739.369995,1739.369995,1828400
2020/12/22,1734.430054,1737.405029,1712.574951,1723.5,1723.5,936700
2020/12/23,1728.109985,1747.98999,1725.040039,1732.380005,1732.380005,1033800
2020/12/24,1735,1746,1729.109985,1738.849976,1738.849976,346800
2020/12/28,1751.63501,1790.728027,1746.334961,1776.089966,1776.089966,1393000
2020/12/29,1787.790039,1792.439941,1756.089966,1758.719971,1758.719971,1299400
2020/12/30,1762.01001,1765.094971,1725.599976,1739.52002,1739.52002,1306100
2020/12/31,1735.420044,1758.930054,1735.420044,1751.880005,1751.880005,1011900
2021/1/4,1757.540039,1760.650024,1707.849976,1728.23999,1728.23999,1901900
2021/1/5,1725,1747.670044,1718.015015,1740.920044,1740.920044,1145300
2021/1/6,1702.630005,1748,1699,1735.290039,1735.290039,2602100
2021/1/7,1740.060059,1788.400024,1737.050049,1787.25,1787.25,2265000
2021/1/8,1787.97998,1809.839966,1773.535034,1807.209961,1807.209961,2050600
2021/1/11,1786.069946,1794.314941,1760.52002,1766.719971,1766.719971,1209700
2021/1/12,1753.920044,1778.040039,1725.310059,1746.550049,1746.550049,1357000
2021/1/13,1738.579956,1765.035034,1738.01001,1754.400024,1754.400024,1094100
2021/1/14,1753.619995,1775.01001,1733.400024,1740.180054,1740.180054,1179500
2021/1/15,1738.189941,1756,1721.550049,1736.189941,1736.189941,1342200
2021/1/19,1752.25,1809.275024,1741.459961,1790.859985,1790.859985,1734600
2021/1/20,1831.459961,1903.709961,1825.530029,1886.900024,1886.900024,2490300
2021/1/21,1898,1934.859985,1887.109985,1891.25,1891.25,2063900
2021/1/22,1895.680054,1910.949951,1881.76001,1901.050049,1901.050049,1272100
2021/1/25,1920.670044,1929.579956,1867.530029,1899.400024,1899.400024,1927300
2021/1/26,1888.839966,1925,1884.244995,1917.23999,1917.23999,1313100
2021/1/27,1882.530029,1890,1809,1830.790039,1830.790039,2748300
2021/1/28,1843.939941,1898.829956,1842.640015,1863.109985,1863.109985,1773100
2021/1/29,1846.170044,1857.280029,1810.199951,1835.73999,1835.73999,1612600
2021/2/1,1853.569946,1922.391968,1850.930054,1901.349976,1901.349976,1602200
2021/2/2,1922.560059,1955.76001,1914.48999,1927.51001,1927.51001,2273700
2021/2/3,2073,2116.5,2018.380005,2070.070068,2070.070068,4118200
2021/2/4,2068.889893,2078.550049,2042.589966,2062.370117,2062.370117,1852300
2021/2/5,2070,2102.51001,2059.330078,2098,2098,1535100
2021/2/8,2105.909912,2123.547119,2072,2092.909912,2092.909912,1241900
2021/2/9,2078.540039,2105.129883,2078.540039,2083.51001,2083.51001,889900
2021/2/10,2094.209961,2108.370117,2063.090088,2095.379883,2095.379883,1135500
2021/2/11,2099.51001,2102.030029,2077.320068,2095.889893,2095.889893,945700
2021/2/12,2090.25,2108.820068,2083.129883,2104.110107,2104.110107,855700
2021/2/16,2104.360107,2152.679932,2104.360107,2121.899902,2121.899902,1133800
2021/2/17,2100,2133.659912,2098.919922,2128.310059,2128.310059,1070900
2021/2/18,2110.389893,2132.735107,2103.709961,2117.199951,2117.199951,1121600
2021/2/19,2119.27002,2130.530029,2097.409912,2101.139893,2101.139893,1457400
2021/2/22,2067,2091.419922,2062.139893,2064.879883,2064.879883,1367500
2021/2/23,2025.01001,2082.01001,2002.02002,2070.860107,2070.860107,1667400
2021/2/24,2041.829956,2100.780029,2038.130005,2095.169922,2095.169922,1248300
2021/2/25,2067.449951,2094.879883,2021.290039,2031.359985,2031.359985,1828400
2021/2/26,2050.52002,2071.01001,2016.060059,2036.859985,2036.859985,2083500
2021/3/1,2056.52002,2086.52002,2046.099976,2081.51001,2081.51001,1404500
2021/3/2,2076.189941,2104.370117,2071.26001,2075.840088,2075.840088,1134600
2021/3/3,2067.209961,2088.518066,2010,2026.709961,2026.709961,1484200
2021/3/4,2023.369995,2089.23999,2020.27002,2049.090088,2049.090088,2118000
2021/3/5,2073.120117,2118.110107,2046.415039,2108.540039,2108.540039,2195200
2021/3/8,2101.129883,2128.810059,2021.609985,2024.170044,2024.170044,1647400
2021/3/9,2070,2078.040039,2047.829956,2052.699951,2052.699951,1697300
2021/3/10,2071.76001,2075,2033.369995,2055.030029,2055.030029,1268600
2021/3/11,2074.060059,2125.699951,2072.379883,2114.77002,2114.77002,1239100
2021/3/12,2085,2090.26001,2047.550049,2061.919922,2061.919922,1725800
2021/3/15,2062.300049,2067.060059,2043.51001,2066.48999,2066.48999,1298100
2021/3/16,2078.98999,2123.560059,2070,2092.52002,2092.52002,1491600
2021/3/17,2076.030029,2109.780029,2054,2091.080078,2091.080078,1299000
2021/3/18,2061,2075.5,2033.550049,2036.219971,2036.219971,1361400
2021/3/19,2042.050049,2053.100098,2017.680054,2043.199951,2043.199951,2314900
2021/3/22,2041.839966,2057.98999,2026.069946,2038.589966,2038.589966,1954800
2021/3/23,2051.699951,2072.302002,2039.219971,2052.959961,2052.959961,1367000
2021/3/24,2065.370117,2078.209961,2041.555054,2045.060059,2045.060059,1154000
2021/3/25,2044.810059,2058.870117,2010.72998,2044.359985,2044.359985,1418900
2021/3/26,2038.859985,2050.98999,2014.02002,2035.550049,2035.550049,1493500
2021/3/29,2027.880005,2058.429932,2015.619995,2055.949951,2055.949951,1229800
2021/3/30,2057.629883,2070.780029,2044.030029,2055.540039,2055.540039,1036600
2021/3/31,2059.120117,2093.326904,2056.745117,2068.629883,2068.629883,1459900
2021/4/1,2097.949951,2142.939941,2096.889893,2137.75,2137.75,1699000
2021/4/5,2152.939941,2237.310059,2151.620117,2225.550049,2225.550049,2164900
2021/4/6,2222.5,2237.659912,2214.800049,2224.75,2224.75,1353000
2021/4/7,2226.129883,2255,2225.330078,2249.679932,2249.679932,1289900
2021/4/8,2277.959961,2284.004883,2257.679932,2265.439941,2265.439941,1358300
2021/4/9,2256.699951,2289.040039,2253.714111,2285.879883,2285.879883,1044400
2021/4/12,2266.25,2275.320068,2238.465088,2254.790039,2254.790039,1565900
2021/4/13,2261.469971,2277.209961,2256.090088,2267.27002,2267.27002,1165500
2021/4/14,2275.159912,2277.98999,2249.189941,2254.840088,2254.840088,1011000
2021/4/15,2276.97998,2306.596924,2266,2296.659912,2296.659912,1373600
2021/4/16,2303,2306.439941,2284.449951,2297.76001,2297.76001,1129800
2021/4/19,2291.97998,2318.449951,2287.844971,2302.399902,2302.399902,1234400
2021/4/20,2307.889893,2309.600098,2271.709961,2293.629883,2293.629883,1088700
2021/4/21,2285.25,2295.320068,2258.570068,2293.290039,2293.290039,1196500
2021/4/22,2293.22998,2303.761963,2256.449951,2267.919922,2267.919922,1054800
2021/4/23,2283.469971,2325.820068,2278.209961,2315.300049,2315.300049,1433500
2021/4/26,2319.929932,2341.26001,2313.840088,2326.73999,2326.73999,1041700
2021/4/27,2336,2337.449951,2304.27002,2307.120117,2307.120117,1598600
2021/4/28,2407.14502,2452.37793,2374.850098,2379.909912,2379.909912,2986400
2021/4/29,2410.330078,2436.52002,2402.280029,2429.889893,2429.889893,1977700
2021/4/30,2404.48999,2427.139893,2402.159912,2410.120117,2410.120117,1957100
2021/5/3,2402.719971,2419.699951,2384.5,2395.169922,2395.169922,1689400
2021/5/4,2369.73999,2379.26001,2311.699951,2354.25,2354.25,1756000
2021/5/5,2368.419922,2382.199951,2351.409912,2356.73999,2356.73999,1090300
2021/5/6,2350.639893,2382.709961,2342.337891,2381.350098,2381.350098,1030900
2021/5/7,2400,2416.409912,2390,2398.689941,2398.689941,1163600
2021/5/10,2374.889893,2378,2334.72998,2341.659912,2341.659912,1300300
2021/5/11,2291.860107,2322,2283,2308.76001,2308.76001,1605500
2021/5/12,2261.709961,2285.370117,2230.050049,2239.080078,2239.080078,1746700
2021/5/13,2261.090088,2276.601074,2242.719971,2261.969971,2261.969971,1333500
2021/5/14,2291.830078,2321.139893,2283.320068,2316.159912,2316.159912,1331200
2021/5/17,2309.320068,2323.340088,2295,2321.409912,2321.409912,992100
2021/5/18,2336.906006,2343.149902,2303.159912,2303.429932,2303.429932,865100
2021/5/19,2264.399902,2316.76001,2263.52002,2308.709961,2308.709961,967500
2021/5/20,2328.040039,2360.340088,2321.090088,2356.090088,2356.090088,1191600
2021/5/21,2365.98999,2369,2342.370117,2345.100098,2345.100098,1141600
2021/5/24,2367,2418.47998,2360.110107,2406.669922,2406.669922,1062200
2021/5/25,2420,2432.889893,2402.98999,2409.070068,2409.070068,941900
2021/5/26,2412.834961,2442.944092,2412.514893,2433.530029,2433.530029,1092800
2021/5/27,2436.939941,2440,2402,2402.51001,2402.51001,1948100
2021/5/28,2421.959961,2428.139893,2407.689941,2411.560059,2411.560059,1205400
2021/6/1,2422,2437.970947,2404.879883,2429.810059,2429.810059,958300
2021/6/2,2435.310059,2442,2404.199951,2421.280029,2421.280029,857900
2021/6/3,2395.02002,2409.745117,2382.830078,2404.610107,2404.610107,917300
2021/6/4,2422.52002,2453.858887,2417.77002,2451.76001,2451.76001,1297400
2021/6/7,2451.320068,2468,2441.072998,2466.090088,2466.090088,1192500
2021/6/8,2479.899902,2494.495117,2468.23999,2482.850098,2482.850098,1253000
2021/6/9,2499.5,2505,2487.330078,2491.399902,2491.399902,1006300
2021/6/10,2494.01001,2523.26001,2494,2521.600098,2521.600098,1561700
2021/6/11,2524.919922,2526.98999,2498.290039,2513.929932,2513.929932,1262000
2021/6/14,2513.389893,2528.22998,2500.939941,2527.040039,2527.040039,1127500
2021/6/15,2530.439941,2537.23999,2512.969971,2520.659912,2520.659912,1109100
2021/6/16,2524.949951,2530.469971,2482.999023,2513.929932,2513.929932,1315800
2021/6/17,2510.459961,2543.929932,2510.300049,2527.419922,2527.419922,1287800
2021/6/18,2514.110107,2527.780029,2492.060059,2511.350098,2511.350098,2665300
2021/6/21,2514.800049,2540.735107,2502.685059,2529.100098,2529.100098,1312800
2021/6/22,2529,2545.399902,2520.530029,2539.98999,2539.98999,1049200
2021/6/23,2531,2555.919922,2525.040039,2529.22998,2529.22998,984700
2021/6/24,2541.070068,2550.709961,2539.199951,2545.639893,2545.639893,946700
2021/6/25,2539.139893,2550.100098,2528.879883,2539.899902,2539.899902,1674200
2021/6/28,2540,2546.73999,2519.476074,2536.389893,2536.389893,1405500
2021/6/29,2535.449951,2540,2508.73999,2520.370117,2520.370117,1047500
2021/6/30,2513.071045,2516,2495.149902,2506.320068,2506.320068,1200300
2021/7/1,2496.995117,2529.25,2496.995117,2527.370117,2527.370117,856000
2021/7/2,2536.790039,2576.959961,2535.379883,2574.379883,2574.379883,1058000
2021/7/6,2588.98999,2597.689941,2568.179932,2595.419922,2595.419922,1067500
2021/7/7,2606.820068,2612.798096,2595.199951,2601.550049,2601.550049,834000
2021/7/8,2565,2600.649902,2560.800049,2583.540039,2583.540039,989000
2021/7/9,2578.889893,2596.98999,2578.870117,2591.48999,2591.48999,755300
2021/7/12,2596.669922,2615.399902,2592,2611.280029,2611.280029,847200
2021/7/13,2617.629883,2640.840088,2612.73999,2619.889893,2619.889893,830900
2021/7/14,2638.030029,2659.919922,2637.959961,2641.649902,2641.649902,895600
2021/7/15,2650,2651.899902,2611.959961,2625.330078,2625.330078,829300
2021/7/16,2632.820068,2643.659912,2616.429932,2636.909912,2636.909912,742800
2021/7/19,2623.110107,2624.939941,2570.73999,2585.080078,2585.080078,1285500
2021/7/20,2600.080078,2640.0271,2583.768066,2622.030029,2622.030029,954200
2021/7/21,2615.73999,2652.344971,2612.030029,2652.01001,2652.01001,737100
2021/7/22,2653,2670.090088,2648,2666.570068,2666.570068,680400
2021/7/23,2705.199951,2776.169922,2694.01001,2756.320068,2756.320068,1318900
2021/7/26,2765,2794.26001,2753.02002,2792.889893,2792.889893,1152600
2021/7/27,2800.219971,2800.219971,2702,2735.929932,2735.929932,2108200
2021/7/28,2771.23999,2793.52002,2727,2727.629883,2727.629883,2734400
2021/7/29,2727.612061,2743.030029,2722.76001,2730.810059,2730.810059,964200
2021/7/30,2710.219971,2715.427002,2696.283936,2704.419922,2704.419922,1196600
2021/8/2,2709.689941,2720.409912,2693.389893,2719.790039,2719.790039,1007000
2021/8/3,2720,2726.709961,2683.669922,2725.600098,2725.600098,953200
2021/8/4,2724.98999,2730.76001,2708.300049,2720.570068,2720.570068,826400
2021/8/5,2720.570068,2739,2712,2738.800049,2738.800049,593300
2021/8/6,2725.899902,2741.601074,2720.929932,2740.719971,2740.719971,678000
2021/8/9,2738.97998,2766.429932,2728.574951,2760.040039,2760.040039,618700
2021/8/10,2761.590088,2771.030029,2744.530029,2761.929932,2761.929932,801700
2021/8/11,2765.659912,2776.955078,2747,2753.790039,2753.790039,760200
2021/8/12,2754.26001,2768.360107,2735.580078,2767.790039,2767.790039,732300
2021/8/13,2767.149902,2773.47998,2760.100098,2768.120117,2768.120117,628600
2021/8/16,2760,2779.810059,2723.314941,2778.320068,2778.320068,902000
2021/8/17,2763.820068,2774.370117,2735.75,2746.01001,2746.01001,1063600
2021/8/18,2742.310059,2765.879883,2728.419922,2731.399902,2731.399902,746700
2021/8/19,2709.350098,2749.040039,2707.120117,2738.27002,2738.27002,914800
2021/8/20,2741.659912,2772.290039,2729.340088,2768.73999,2768.73999,778200
2021/8/23,2779.969971,2843.540039,2774.958984,2821.98999,2821.98999,1054500
2021/8/24,2830.870117,2860.149902,2827.070068,2847.969971,2847.969971,756300
2021/8/25,2857.659912,2866.26001,2848.790039,2859,2859,641900
2021/8/26,2852.370117,2862.696045,2841.830078,2842.459961,2842.459961,746100
2021/8/27,2842.25,2900.219971,2840.399902,2891.01001,2891.01001,1228100
2021/8/30,2894.090088,2929.790039,2892,2909.389893,2909.389893,845800
2021/8/31,2917.689941,2922.23999,2900,2909.23999,2909.23999,1337800
2021/9/1,2913,2936.409912,2912.290039,2916.840088,2916.840088,791200
2021/9/2,2918.98999,2926.5,2882.129883,2884.379883,2884.379883,1092200
2021/9/3,2882.919922,2907.540039,2870.100098,2895.5,2895.5,955200
2021/9/7,2894.98999,2916.47998,2890.820068,2910.379883,2910.379883,758500
2021/9/8,2907.870117,2911.02002,2884,2897.669922,2897.669922,774300
2021/9/9,2897.669922,2913.389893,2888.679932,2898.27002,2898.27002,739900
2021/9/10,2908.870117,2920.379883,2834.830078,2838.419922,2838.419922,1643500
2021/9/13,2864.02002,2883.820068,2845.649902,2869.300049,2869.300049,1008800
2021/9/14,2883.219971,2894.550049,2858.110107,2868.120117,2868.120117,945800
2021/9/15,2875.179932,2911.629883,2845.120117,2904.120117,2904.120117,1032400
2021/9/16,2902.419922,2904,2868.326904,2887.469971,2887.469971,1014600
2021/9/17,2875.969971,2884.98999,2821.22998,2829.27002,2829.27002,3002000
2021/9/20,2780.003906,2787.25,2741.060059,2780.340088,2780.340088,1745900
2021/9/21,2802.340088,2816.231934,2778.110107,2792.929932,2792.929932,906500
2021/9/22,2801.01001,2831.669922,2789.435059,2818.77002,2818.77002,1103400
2021/9/23,2832.189941,2845.049072,2821.929932,2836.530029,2836.530029,863600
2021/9/24,2818.919922,2858.070068,2817.01001,2852.659912,2852.659912,747500
2021/9/27,2831.709961,2850,2810,2830.02002,2830.02002,942200
2021/9/28,2781.77002,2792.129883,2714,2723.679932,2723.679932,2109500
2021/9/29,2742.194092,2747.969971,2685,2690.419922,2690.419922,1316900
2021/9/30,2686.5,2711.800049,2660,2665.310059,2665.310059,1764700
2021/10/1,2671.090088,2741.419922,2667.550049,2729.25,2729.25,1419400
2021/10/4,2713.98999,2714,2623.330078,2675.300049,2675.300049,1576500
2021/10/5,2680,2747.23999,2680,2723.540039,2723.540039,1206300
2021/10/6,2692.51001,2757.040039,2689.72998,2747.080078,2747.080078,988200
2021/10/7,2777.26001,2803.089111,2771.26001,2783.709961,2783.709961,912500
2021/10/8,2798.120117,2806.340088,2788.586914,2801.120117,2801.120117,946200
